iteration,Peptide,Total Energy,,
0,QLWKNVWKHQNC,-24.265,0,-52.051
1,QLWRNVWKHQNC,-29.075,0,-47.051
2,QLWRNVWKWQNC,-30.095,0,
3,QMWRNVWKWQNC,-35.332,0,
7,QMWRNVWKWRNC,-35.994,0,
8,RMWRNVWKWRNC,-36.443,0,
11,RMWRGVWKWRNC,-35.998,0,
13,NMWRGVWKWRNC,-35.817,0,
14,NMWRGVWKWREC,-35.421,0,
19,NMWRGRWKWREC,-42.213,0,
34,RMWRGRWKWREC,-42.379,0,
45,NMWRGRRKWREC,-42.022,0,
49,RMWRGRRKWREC,-42.144,0,
93,RMWRGRWKWRER,-46.959,0,
96,RMWRGRRKWRER,-46.725,0,
108,RMWRGRHKWRER,-46.409,0,
115,NMWRGRWKWRER,-46.793,0,
141,RMWRGRWRWRER,-51.939,1,
155,RMWRGRHRWRER,-51.583,1,
159,NMWRGRWRWRER,-51.775,1,
174,RMWRGRFRWRER,-51.512,1,
176,NMWRGRFRWRER,-51.393,1,
244,RMWRGRRRWRER,-51.901,1,
271,RMWRGRWRHRER,-51.489,1,
344,NMWRGRRRWRER,-51.781,1,
804,NMWRGRHRWRER,-51.473,1,
1029,NMWRGRWRHRER,-51.323,1,
1036,NMWRGRFRHRER,-50.933,1,
1038,RMWRGRFRHRER,-51.054,1,
1059,NMWRGRRRHRER,-51.331,1,
1142,RMWRGRRRHRER,-51.453,1,
1163,NMWRGRNRWRER,-51.449,1,
1285,RMWRGRNRWRER,-51.561,1,
2538,NMWRGRHRHRER,-51.012,1,
4038,RMWRGRHRHRER,-51.124,1,
4340,RMWRGRNRHRER,-51.106,1,
5080,NMWRGRNRHRER,-50.992,1,
5121,RMWRSRWRWRER,-52.051,1,
5122,NMWRSRWRWRER,-50.469,1,
5124,NMWRSRNRWRER,-50.162,1,
6261,RMWRSRRRWRER,-52.03,1,
7943,NMWRGRWRWVER,-50.598,1,
7950,RMWRGRWRWVER,-50.765,1,
8774,RMWRSRFRWRER,-51.64,1,
14258,RMWRGRRRWAER,-50.46,1,
18613,RMWRGRRRWRCR,-50.246,1,
18618,RMWRGRWRWRCR,-50.284,1,
18624,NMWRGRWRWRCR,-50.12,1,
25965,SMWRGRWRWRER,-51.307,1,
29875,RMWRGRRRWFER,-50.91,1,
30415,RMWRGRNRKRER,-50.203,1,
30418,NMWRGRNRKRER,-50.089,1,
30423,RMWRGRRRKRER,-50.545,1,
30430,NMWRGRRRKRER,-50.423,1,
40451,NMWRGRWRWREK,-50.713,1,
40456,NMWRGRNRWREK,-50.386,1,
40457,RMWRGRNRWREK,-50.499,1,
40462,RMWRGRWRWREK,-50.878,1,
40473,NMWRGRRRWREK,-50.719,1,
40475,RMWRGRRRWREK,-50.84,1,
42065,RMWRSRHRHRER,-51.26,1,
67224,RMWRGRWRHRQR,-10.116,0,
67225,RMWRGRWRWRQR,-10.602,0,
70132,VMWRGRWRWRER,-51.058,1,
85989,RMWRGRWRFRER,-51.032,1,
86881,NMWRGRFRWREK,-50.328,1,
86920,RMWRGRHRWREK,-50.519,1,
93930,RMWRGRWRWFER,-50.949,1,
93934,NMWRGRRRWFER,-50.788,1,