Conformation,Best Score,Unique Structures,Res 1 Top AA,Res 2 Top AA,Res 3 Top AA,Res 4 Top AA,Res 5 Top AA,Res 6 Top AA,Res 7 Top AA,Res 8 Top AA,Res 9 Top AA,Res 10 Top AA,Res 11 Top AA,Res 12 Top AA
1,-17.3,30,Q,D,Y,E,Q,Q,F,L,R,E,A,G
2,-52.05,50,R,M,W,R,G,R,W,R,W,R,E,R
3,-56.47,47,H,R,W,Y,R,M,R,R,T,S,H,R
4,-32.44,6,Q,R,M,R,W,R,W,S,N,R,E,R
5,-42.2,6,R,N,R,W,W,R,R,F,W,N,M,R
6,-41.38,77,T,Q,N,N,W,N,V,T,R,R,R,R
7,-35.22,1,H,N,W,D,R,R,R,R,R,R,R,M
8,31.71,1,W,N,W,D,R,R,R,R,R,R,R,Y
9,-36.87,37,R,R,R,S,N,E,R,G,T,Q,N,K
10,-38.19,5,N,N,N,R,Y,R,F,C,G,Q,M,K
11,-35.59,24,R,N,N,G,N,I,Y,S,K,R,E,M
12,-34.18,19,R,M,C,G,W,R,H,N,T,K,M,R
13,-50.35,12,N,N,R,R,W,R,R,D,G,S,R,R
15,-38.66,4,W,R,R,R,C,M,R,C,N,Y,A,R
16,-33.91,54,G,M,K,S,K,R,K,C,D,R,M,R
17,-14.87,31,R,G,N,L,F,N,M,G,S,C,G,R
18,-32.45,1,D,R,Q,R,R,H,R,G,S,Q,R,C
20,-46.7,1,W,D,N,Q,N,G,W,R,N,N,W,E
27,-84.03,2,G,W,M,W,M,R,R,W,M,M,M,R
33,-68,54,F,R,H,W,R,R,F,R,M,W,N,R
38,-71.3,28,W,R,W,W,I,W,M,F,R,W,R,W
42,-73.56,17,N,H,M,R,L,R,R,W,I,R,W,W
49,-64.24,11,W,L,R,W,M,R,F,N,W,R,W,I